kind,dtype,rows,cols,repeats,seconds_per_call
micro,f32,1,4096,1220,0.000003663
micro,f32,8,8,10000,0.000000062
micro,f32,16,16,10000,0.000000190
micro,f32,32,32,4882,0.000000733
micro,f32,64,64,1220,0.000002790
micro,f32,128,128,305,0.000015842
micro,f32,256,256,76,0.000108261
micro,f32,512,512,19,0.000661791
micro,f32,1024,1024,4,0.004858742
micro,f32,1024,64,76,0.000055856
micro,f32,64,1024,76,0.000150450
micro,f32,4096,32,38,0.000122403
micro,f32,32,4096,38,0.000327577
micro,f64,1,4096,1220,0.000003682
micro,f64,8,8,10000,0.000000064
micro,f64,16,16,10000,0.000000221
micro,f64,32,32,4882,0.000000764
micro,f64,64,64,1220,0.000019361
micro,f64,128,128,305,0.000027548
micro,f64,256,256,76,0.000143097
micro,f64,512,512,19,0.000840196
micro,f64,1024,1024,4,0.005279817
micro,f64,1024,64,76,0.000089055
micro,f64,64,1024,76,0.000152106
micro,f64,4096,32,38,0.000150510
micro,f64,32,4096,38,0.000323654
micro,c32,1,4096,1220,0.000003717
micro,c32,8,8,10000,0.000000061
micro,c32,16,16,10000,0.000000197
micro,c32,32,32,4882,0.000000785
micro,c32,64,64,1220,0.000003585
micro,c32,128,128,305,0.000026834
micro,c32,256,256,76,0.000145173
micro,c32,512,512,19,0.000830466
micro,c32,1024,1024,4,0.004838304
micro,c32,1024,64,76,0.000088137
micro,c32,64,1024,76,0.000149354
micro,c32,4096,32,38,0.000153528
micro,c32,32,4096,38,0.000320714
micro,c64,1,4096,1220,0.000004110
micro,c64,8,8,10000,0.000000066
micro,c64,16,16,10000,0.000000238
micro,c64,32,32,4882,0.000000815
micro,c64,64,64,1220,0.000004999
micro,c64,128,128,305,0.000035265
micro,c64,256,256,76,0.000207111
micro,c64,512,512,19,0.000978100
micro,c64,1024,1024,4,0.009184752
micro,c64,1024,64,76,0.000136373
micro,c64,64,1024,76,0.000207154
micro,c64,4096,32,38,0.000284531
micro,c64,32,4096,38,0.000360083
rrlu_phase,f64,1024,8,610,0.000007089
rrlu,f64,1024,8,610,0.000007321
rrlu_phase,f64,1024,32,152,0.000032257
rrlu,f64,1024,32,152,0.000033033
rrlu_phase,f64,4096,32,38,0.000170913
rrlu,f64,4096,32,38,0.000179321
rrlu_phase,f64,4096,128,9,0.001197919
rrlu,f64,4096,128,9,0.001165663
