topology,max_sweeps,local_error,reported_rank,guard_pivots,returned_edges_grew,max_sample_absolute_error,termination,returned_edge_ranks
comb,2,9.856656420319845e-05,26,5,,0.010068098391932272,MaxSweeps,"[[0,1,30],[0,3,34],[1,2,9],[1,4,39],[2,5,13],[3,6,20],[4,7,20],[5,8,13],[6,9,11],[7,10,15],[8,11,15],[9,12,8],[10,13,11],[11,14,17],[12,15,6],[13,16,6],[14,17,14],[15,18,5],[16,19,5],[17,20,12],[18,21,4],[19,22,4],[20,23,8],[21,24,3],[22,25,3],[23,26,4],[24,27,2],[25,28,2],[26,29,2]]"
comb,3,9.571021916194206e-05,39,0,0,0.010068098391932272,MaxSweeps,"[[0,1,30],[0,3,34],[1,2,9],[1,4,39],[2,5,13],[3,6,20],[4,7,20],[5,8,13],[6,9,11],[7,10,15],[8,11,15],[9,12,8],[10,13,11],[11,14,17],[12,15,6],[13,16,6],[14,17,14],[15,18,5],[16,19,5],[17,20,12],[18,21,4],[19,22,4],[20,23,8],[21,24,3],[22,25,3],[23,26,4],[24,27,2],[25,28,2],[26,29,2]]"
comb,4,9.72925155742491e-05,39,2,15,0.00028316488482045353,MaxSweeps,"[[0,1,32],[0,3,38],[1,2,10],[1,4,40],[2,5,17],[3,6,21],[4,7,22],[5,8,18],[6,9,13],[7,10,16],[8,11,20],[9,12,8],[10,13,11],[11,14,19],[12,15,7],[13,16,6],[14,17,17],[15,18,5],[16,19,5],[17,20,14],[18,21,4],[19,22,4],[20,23,8],[21,24,3],[22,25,3],[23,26,4],[24,27,2],[25,28,2],[26,29,2]]"
comb,5,9.899434421943195e-05,40,0,0,0.00028316488482045353,MaxSweeps,"[[0,1,32],[0,3,38],[1,2,10],[1,4,40],[2,5,17],[3,6,21],[4,7,22],[5,8,18],[6,9,13],[7,10,16],[8,11,20],[9,12,8],[10,13,11],[11,14,19],[12,15,7],[13,16,6],[14,17,17],[15,18,5],[16,19,5],[17,20,14],[18,21,4],[19,22,4],[20,23,8],[21,24,3],[22,25,3],[23,26,4],[24,27,2],[25,28,2],[26,29,2]]"
comb,6,9.899434421943195e-05,40,0,4,9.807076113975677e-05,MaxSweeps,"[[0,1,31],[0,3,38],[1,2,10],[1,4,40],[2,5,18],[3,6,21],[4,7,22],[5,8,19],[6,9,13],[7,10,16],[8,11,21],[9,12,8],[10,13,11],[11,14,19],[12,15,7],[13,16,6],[14,17,18],[15,18,5],[16,19,5],[17,20,14],[18,21,4],[19,22,4],[20,23,8],[21,24,3],[22,25,3],[23,26,4],[24,27,2],[25,28,2],[26,29,2]]"
comb,7,9.891619934132753e-05,41,0,2,0.00011339326762308751,MaxSweeps,"[[0,1,30],[0,3,38],[1,2,10],[1,4,41],[2,5,16],[3,6,21],[4,7,22],[5,8,18],[6,9,13],[7,10,15],[8,11,20],[9,12,8],[10,13,11],[11,14,19],[12,15,7],[13,16,7],[14,17,18],[15,18,5],[16,19,5],[17,20,14],[18,21,4],[19,22,4],[20,23,8],[21,24,3],[22,25,3],[23,26,4],[24,27,2],[25,28,2],[26,29,2]]"
comb,8,9.770738201850917e-05,41,0,1,0.0001168584514667492,MaxSweeps,"[[0,1,30],[0,3,38],[1,2,10],[1,4,41],[2,5,17],[3,6,21],[4,7,22],[5,8,18],[6,9,13],[7,10,15],[8,11,20],[9,12,8],[10,13,11],[11,14,19],[12,15,7],[13,16,7],[14,17,18],[15,18,5],[16,19,5],[17,20,14],[18,21,4],[19,22,4],[20,23,8],[21,24,3],[22,25,3],[23,26,4],[24,27,2],[25,28,2],[26,29,2]]"
comb,9,9.894471716588936e-05,39,0,5,0.00010461026254175627,MaxSweeps,"[[0,1,31],[0,3,38],[1,2,10],[1,4,39],[2,5,17],[3,6,21],[4,7,23],[5,8,19],[6,9,13],[7,10,17],[8,11,21],[9,12,8],[10,13,11],[11,14,19],[12,15,7],[13,16,6],[14,17,18],[15,18,5],[16,19,5],[17,20,14],[18,21,4],[19,22,4],[20,23,8],[21,24,3],[22,25,3],[23,26,4],[24,27,2],[25,28,2],[26,29,2]]"
comb,10,9.868108593845896e-05,39,0,0,0.00010829745497590623,Converged,"[[0,1,31],[0,3,38],[1,2,10],[1,4,39],[2,5,17],[3,6,21],[4,7,23],[5,8,19],[6,9,13],[7,10,17],[8,11,21],[9,12,8],[10,13,11],[11,14,19],[12,15,7],[13,16,6],[14,17,17],[15,18,5],[16,19,5],[17,20,14],[18,21,4],[19,22,4],[20,23,8],[21,24,3],[22,25,3],[23,26,4],[24,27,2],[25,28,2],[26,29,2]]"
nblock,2,9.961137249631558e-05,16,5,,0.0014497573792530106,MaxSweeps,"[[0,1,22],[0,29,13],[1,3,31],[2,5,2],[3,4,34],[4,6,34],[5,8,4],[6,7,34],[7,9,34],[8,11,8],[9,10,33],[10,12,28],[11,14,10],[12,13,28],[13,15,28],[14,17,12],[15,16,24],[16,18,17],[17,20,14],[18,19,13],[19,21,9],[20,23,13],[21,22,6],[22,24,6],[23,26,13],[24,25,5],[25,27,4],[26,29,14],[27,28,2]]"
nblock,3,9.69783163305308e-05,34,4,16,9.299162913351807e-05,MaxSweeps,"[[0,1,23],[0,29,14],[1,3,35],[2,5,2],[3,4,45],[4,6,59],[5,8,4],[6,7,65],[7,9,65],[8,11,8],[9,10,61],[10,12,57],[11,14,10],[12,13,50],[13,15,39],[14,17,12],[15,16,30],[16,18,21],[17,20,12],[18,19,16],[19,21,11],[20,23,13],[21,22,7],[22,24,6],[23,26,13],[24,25,5],[25,27,4],[26,29,14],[27,28,2]]"
nblock,4,9.923134337238025e-05,65,0,0,9.299162913351807e-05,MaxSweeps,"[[0,1,23],[0,29,14],[1,3,35],[2,5,2],[3,4,45],[4,6,59],[5,8,4],[6,7,65],[7,9,65],[8,11,8],[9,10,61],[10,12,57],[11,14,10],[12,13,50],[13,15,39],[14,17,12],[15,16,30],[16,18,21],[17,20,12],[18,19,16],[19,21,11],[20,23,13],[21,22,7],[22,24,6],[23,26,13],[24,25,5],[25,27,4],[26,29,14],[27,28,2]]"
nblock,5,9.98716880864665e-05,76,0,11,0.00012457622239756686,MaxSweeps,"[[0,1,23],[0,29,14],[1,3,34],[2,5,2],[3,4,43],[4,6,58],[5,8,4],[6,7,71],[7,9,76],[8,11,8],[9,10,76],[10,12,64],[11,14,11],[12,13,53],[13,15,41],[14,17,12],[15,16,32],[16,18,23],[17,20,12],[18,19,19],[19,21,11],[20,23,13],[21,22,7],[22,24,6],[23,26,13],[24,25,5],[25,27,4],[26,29,15],[27,28,2]]"
nblock,6,9.939638031480978e-05,76,0,5,0.00010820458083459129,MaxSweeps,"[[0,1,22],[0,29,13],[1,3,32],[2,5,2],[3,4,46],[4,6,59],[5,8,4],[6,7,71],[7,9,76],[8,11,8],[9,10,74],[10,12,62],[11,14,11],[12,13,53],[13,15,41],[14,17,12],[15,16,29],[16,18,22],[17,20,13],[18,19,17],[19,21,12],[20,23,14],[21,22,7],[22,24,6],[23,26,13],[24,25,5],[25,27,4],[26,29,15],[27,28,2]]"
nblock,7,9.909947473963138e-05,76,0,7,0.00011875303313793198,MaxSweeps,"[[0,1,22],[0,29,13],[1,3,34],[2,5,2],[3,4,46],[4,6,60],[5,8,4],[6,7,70],[7,9,75],[8,11,8],[9,10,76],[10,12,61],[11,14,10],[12,13,54],[13,15,41],[14,17,13],[15,16,33],[16,18,22],[17,20,13],[18,19,17],[19,21,12],[20,23,13],[21,22,8],[22,24,6],[23,26,13],[24,25,5],[25,27,4],[26,29,14],[27,28,2]]"
nblock,8,9.909947473985346e-05,76,0,3,0.00011250253079366545,MaxSweeps,"[[0,1,22],[0,29,13],[1,3,34],[2,5,2],[3,4,44],[4,6,61],[5,8,4],[6,7,70],[7,9,75],[8,11,8],[9,10,76],[10,12,61],[11,14,10],[12,13,54],[13,15,41],[14,17,13],[15,16,31],[16,18,24],[17,20,13],[18,19,19],[19,21,11],[20,23,13],[21,22,8],[22,24,6],[23,26,13],[24,25,5],[25,27,4],[26,29,14],[27,28,2]]"
nblock,9,9.932016215785773e-05,75,0,6,0.00013743305166334107,MaxSweeps,"[[0,1,23],[0,29,14],[1,3,35],[2,5,2],[3,4,43],[4,6,59],[5,8,4],[6,7,70],[7,9,72],[8,11,8],[9,10,75],[10,12,62],[11,14,11],[12,13,53],[13,15,41],[14,17,11],[15,16,34],[16,18,23],[17,20,11],[18,19,18],[19,21,11],[20,23,13],[21,22,8],[22,24,6],[23,26,13],[24,25,5],[25,27,4],[26,29,14],[27,28,2]]"
nblock,10,9.815517212999008e-05,72,0,3,0.0001207079186801999,MaxSweeps,"[[0,1,22],[0,29,14],[1,3,33],[2,5,2],[3,4,44],[4,6,59],[5,8,4],[6,7,70],[7,9,72],[8,11,8],[9,10,72],[10,12,62],[11,14,11],[12,13,53],[13,15,42],[14,17,11],[15,16,34],[16,18,23],[17,20,13],[18,19,18],[19,21,10],[20,23,13],[21,22,7],[22,24,6],[23,26,13],[24,25,5],[25,27,4],[26,29,14],[27,28,2]]"
nblock,11,9.967596139891772e-05,76,0,4,0.00012601167900751483,MaxSweeps,"[[0,1,22],[0,29,12],[1,3,33],[2,5,2],[3,4,43],[4,6,59],[5,8,4],[6,7,69],[7,9,76],[8,11,8],[9,10,70],[10,12,62],[11,14,10],[12,13,54],[13,15,41],[14,17,13],[15,16,32],[16,18,23],[17,20,13],[18,19,16],[19,21,10],[20,23,14],[21,22,7],[22,24,6],[23,26,13],[24,25,5],[25,27,4],[26,29,14],[27,28,2]]"
nblock,12,9.967596139932769e-05,76,0,8,0.00010778014027456574,MaxSweeps,"[[0,1,23],[0,29,13],[1,3,33],[2,5,2],[3,4,43],[4,6,58],[5,8,4],[6,7,70],[7,9,76],[8,11,8],[9,10,71],[10,12,62],[11,14,10],[12,13,53],[13,15,42],[14,17,13],[15,16,31],[16,18,23],[17,20,14],[18,19,17],[19,21,12],[20,23,13],[21,22,7],[22,24,6],[23,26,13],[24,25,5],[25,27,4],[26,29,14],[27,28,2]]"
nblock,13,9.99308395595204e-05,73,0,5,0.00014468691496149808,MaxSweeps,"[[0,1,22],[0,29,13],[1,3,34],[2,5,2],[3,4,44],[4,6,58],[5,8,4],[6,7,72],[7,9,71],[8,11,8],[9,10,73],[10,12,62],[11,14,10],[12,13,53],[13,15,42],[14,17,12],[15,16,31],[16,18,21],[17,20,12],[18,19,17],[19,21,11],[20,23,13],[21,22,7],[22,24,6],[23,26,13],[24,25,5],[25,27,4],[26,29,15],[27,28,2]]"
nblock,14,9.996519522050402e-05,73,0,4,0.00011675960090438174,MaxSweeps,"[[0,1,21],[0,29,12],[1,3,34],[2,5,2],[3,4,44],[4,6,58],[5,8,4],[6,7,69],[7,9,71],[8,11,8],[9,10,73],[10,12,62],[11,14,10],[12,13,54],[13,15,43],[14,17,12],[15,16,32],[16,18,22],[17,20,12],[18,19,17],[19,21,11],[20,23,13],[21,22,7],[22,24,6],[23,26,13],[24,25,5],[25,27,4],[26,29,15],[27,28,2]]"
nblock,15,9.996519522187978e-05,73,0,4,0.00011965983433984556,MaxSweeps,"[[0,1,20],[0,29,13],[1,3,35],[2,5,2],[3,4,44],[4,6,58],[5,8,4],[6,7,71],[7,9,73],[8,11,8],[9,10,73],[10,12,62],[11,14,10],[12,13,53],[13,15,42],[14,17,12],[15,16,31],[16,18,22],[17,20,12],[18,19,17],[19,21,11],[20,23,13],[21,22,7],[22,24,6],[23,26,13],[24,25,5],[25,27,4],[26,29,15],[27,28,2]]"
nblock,16,9.708048629905774e-05,75,0,6,0.00011642748868926393,MaxSweeps,"[[0,1,20],[0,29,12],[1,3,34],[2,5,2],[3,4,44],[4,6,60],[5,8,4],[6,7,71],[7,9,73],[8,11,8],[9,10,75],[10,12,62],[11,14,10],[12,13,54],[13,15,42],[14,17,12],[15,16,30],[16,18,22],[17,20,13],[18,19,18],[19,21,12],[20,23,13],[21,22,7],[22,24,6],[23,26,13],[24,25,5],[25,27,4],[26,29,15],[27,28,2]]"
nblock,17,9.930463406381806e-05,74,0,6,0.00012141580273396373,MaxSweeps,"[[0,1,20],[0,29,14],[1,3,33],[2,5,2],[3,4,43],[4,6,58],[5,8,4],[6,7,71],[7,9,72],[8,11,8],[9,10,74],[10,12,61],[11,14,10],[12,13,56],[13,15,44],[14,17,13],[15,16,31],[16,18,24],[17,20,13],[18,19,17],[19,21,11],[20,23,13],[21,22,7],[22,24,6],[23,26,13],[24,25,5],[25,27,4],[26,29,15],[27,28,2]]"
nblock,18,9.913307523668998e-05,73,0,8,0.00012019540840536363,MaxSweeps,"[[0,1,22],[0,29,14],[1,3,35],[2,5,2],[3,4,46],[4,6,61],[5,8,4],[6,7,71],[7,9,72],[8,11,8],[9,10,73],[10,12,61],[11,14,10],[12,13,53],[13,15,43],[14,17,13],[15,16,32],[16,18,25],[17,20,14],[18,19,18],[19,21,11],[20,23,13],[21,22,7],[22,24,6],[23,26,13],[24,25,5],[25,27,4],[26,29,15],[27,28,2]]"
nblock,19,9.76667203960383e-05,76,0,3,0.0001210239459206697,MaxSweeps,"[[0,1,23],[0,29,12],[1,3,33],[2,5,2],[3,4,43],[4,6,58],[5,8,4],[6,7,71],[7,9,73],[8,11,8],[9,10,76],[10,12,61],[11,14,10],[12,13,53],[13,15,41],[14,17,12],[15,16,30],[16,18,24],[17,20,14],[18,19,18],[19,21,11],[20,23,13],[21,22,7],[22,24,6],[23,26,13],[24,25,5],[25,27,4],[26,29,14],[27,28,2]]"
nblock,20,9.989455250729697e-05,73,0,1,0.0001157482548583073,MaxSweeps,"[[0,1,21],[0,29,12],[1,3,32],[2,5,2],[3,4,43],[4,6,57],[5,8,4],[6,7,71],[7,9,73],[8,11,8],[9,10,73],[10,12,61],[11,14,10],[12,13,53],[13,15,41],[14,17,12],[15,16,34],[16,18,24],[17,20,12],[18,19,17],[19,21,10],[20,23,13],[21,22,7],[22,24,6],[23,26,13],[24,25,5],[25,27,4],[26,29,14],[27,28,2]]"
