tuning,f64,64,64,0,0.000003594
tuning,f64,64,64,16,0.000004683
tuning,f64,64,64,32,0.000004831
tuning,f64,64,64,64,0.000004694
tuning,f64,128,128,0,0.000027107
tuning,f64,128,128,16,0.000017392
tuning,f64,128,128,32,0.000018576
tuning,f64,128,128,64,0.000017520
tuning,f64,256,256,0,0.000157951
tuning,f64,256,256,16,0.000079114
tuning,f64,256,256,32,0.000083057
tuning,f64,256,256,64,0.000083597
tuning,f64,512,512,0,0.000940839
tuning,f64,512,512,16,0.000596995
tuning,f64,512,512,32,0.000626301
tuning,f64,512,512,64,0.000704174
tuning,f64,1024,1024,0,0.006251568
tuning,f64,1024,1024,16,0.004581133
tuning,f64,1024,1024,32,0.003782442
tuning,f64,1024,1024,64,0.004056729
tuning,f64,1024,64,0,0.000087363
tuning,f64,1024,64,16,0.000121472
tuning,f64,1024,64,32,0.000131885
tuning,f64,1024,64,64,0.000147191
tuning,f64,64,1024,0,0.000159232
tuning,f64,64,1024,16,0.000071295
tuning,f64,64,1024,32,0.000074002
tuning,f64,64,1024,64,0.000073370
tuning,f64,4096,32,0,0.000166964
tuning,f64,4096,32,16,0.000258178
tuning,f64,4096,32,32,0.000280923
tuning,f64,4096,32,64,0.000288567
tuning,f64,32,4096,0,0.000332394
tuning,f64,32,4096,16,0.000141376
tuning,f64,32,4096,32,0.000148185
tuning,f64,32,4096,64,0.000154936
